price,rating,Has_5g,Add_Features,RAM,Storage,Charging,Screen_RR,PPI,rear_cams,Total_fmp
54999,8+,1,0,12.0,256.0,3.0,120.0,691200.0,3.0,16.0
19989,8+,1,0,6.0,128.0,1.0,120.0,395289.0,3.0,16.0
16499,7+,1,0,4.0,64.0,1.0,90.0,394036.0,3.0,13.0
14999,8+,1,0,6.0,128.0,,120.0,395725.0,3.0,16.0
24999,8+,1,0,6.0,128.0,2.0,120.0,388800.0,3.0,16.0
16999,7+,1,0,6.0,128.0,1.0,120.0,394036.0,3.0,8.0
65999,8+,1,0,6.0,128.0,,,485645.0,2.0,12.0
29999,8+,1,0,8.0,256.0,3.0,120.0,388605.0,3.0,16.0
26749,8+,1,0,8.0,128.0,1.0,120.0,395725.0,2.0,16.0
28999,8+,1,0,8.0,128.0,2.0,90.0,403110.0,3.0,32.0
18999,8+,1,0,6.0,128.0,1.0,120.0,385714.0,2.0,16.0
18999,7+,1,0,8.0,128.0,1.0,90.0,176926.0,2.0,8.0
24762,7+,1,0,6.0,128.0,2.0,120.0,388605.0,3.0,16.0
16990,7+,1,0,6.0,128.0,1.0,120.0,395234.0,3.0,16.0
114990,,1,0,8.0,256.0,1.0,120.0,653929.0,4.0,12.0
62999,7+,1,0,4.0,128.0,,,485645.0,2.0,12.0
9999,6+,0,0,3.0,32.0,1.0,,176958.0,2.0,5.0
45999,8+,1,0,16.0,256.0,2.0,120.0,388800.0,3.0,32.0
32999,8+,1,0,8.0,128.0,2.0,120.0,388800.0,3.0,16.0
14499,7+,0,0,4.0,64.0,1.0,,177196.0,2.0,8.0
39999,8+,1,0,8.0,128.0,3.0,120.0,388800.0,3.0,16.0
35999,8+,1,0,8.0,128.0,2.0,120.0,391170.0,3.0,32.0
14999,7+,1,0,6.0,64.0,2.0,120.0,388605.0,3.0,16.0
17859,7+,1,0,4.0,128.0,1.0,120.0,388605.0,3.0,13.0
42990,8+,1,0,12.0,256.0,3.0,120.0,386865.0,3.0,32.0
31239,8+,1,0,8.0,128.0,,120.0,398769.0,3.0,32.0
21995,8+,1,0,8.0,128.0,1.0,120.0,395289.0,3.0,16.0
129990,7+,1,0,6.0,128.0,,120.0,538334.0,3.0,12.0
27999,8+,1,0,8.0,128.0,1.0,90.0,403826.0,3.0,50.0
69999,,1,0,8.0,128.0,3.0,120.0,691200.0,3.0,16.0
19999,8+,1,0,8.0,128.0,1.0,120.0,385714.0,2.0,16.0
20999,8+,1,1,6.0,128.0,2.0,120.0,388605.0,3.0,16.0
27990,8+,1,0,8.0,256.0,2.0,120.0,395121.0,3.0,50.0
38999,7+,0,0,4.0,64.0,,,243241.0,2.0,12.0
23790,8+,1,0,6.0,128.0,1.0,120.0,386865.0,4.0,32.0
39999,8+,1,0,8.0,128.0,1.0,120.0,394875.0,3.0,32.0
29990,8+,1,0,8.0,256.0,2.0,120.0,388605.0,3.0,16.0
91999,,1,0,12.0,256.0,1.0,120.0,652235.0,4.0,40.0
32999,8+,1,0,6.0,128.0,3.0,120.0,398320.0,4.0,32.0
28499,8+,1,0,8.0,256.0,2.0,120.0,388800.0,2.0,32.0
21999,8+,1,0,6.0,128.0,2.0,120.0,388800.0,3.0,16.0
19999,8+,1,0,6.0,128.0,2.0,120.0,388605.0,3.0,16.0
18999,8+,1,0,6.0,128.0,1.0,90.0,388605.0,3.0,32.0
27999,8+,1,0,8.0,256.0,2.0,120.0,388800.0,3.0,16.0
18499,7+,0,0,8.0,128.0,1.0,90.0,395234.0,3.0,16.0
17478,8+,1,0,6.0,128.0,1.0,120.0,392727.0,4.0,8.0
11936,7+,0,0,4.0,64.0,1.0,90.0,403110.0,4.0,13.0
8950,6+,0,0,3.0,32.0,,,177230.0,2.0,5.0
12489,6+,0,0,4.0,64.0,1.0,,176958.0,2.0,5.0
42999,,1,0,8.0,128.0,1.0,120.0,388800.0,4.0,32.0
18999,7+,1,0,6.0,128.0,1.0,90.0,394036.0,3.0,13.0
29999,8+,1,1,8.0,128.0,3.0,120.0,382300.0,3.0,16.0
11990,6+,1,0,4.0,32.0,1.0,90.0,177230.0,1.0,8.0
18999,8+,1,0,6.0,128.0,1.0,120.0,392727.0,3.0,16.0
13999,7+,0,0,4.0,64.0,1.0,90.0,405000.0,2.0,16.0
14965,7+,1,0,4.0,64.0,1.0,90.0,394036.0,3.0,8.0
74999,8+,1,0,6.0,128.0,,,532380.0,2.0,12.0
10999,7+,0,0,6.0,64.0,1.0,,403110.0,4.0,13.0
84990,8+,1,0,8.0,256.0,1.0,120.0,382909.0,3.0,12.0
10499,7+,0,0,4.0,64.0,1.0,90.0,395725.0,3.0,16.0
17990,7+,1,1,6.0,128.0,2.0,120.0,398320.0,3.0,16.0
29990,8+,1,0,8.0,128.0,2.0,120.0,382300.0,3.0,50.0
18499,7+,0,0,6.0,128.0,1.0,,394036.0,4.0,8.0
16499,7+,0,0,6.0,128.0,1.0,,177196.0,2.0,8.0
14999,8+,1,0,6.0,128.0,1.0,90.0,392727.0,2.0,16.0
35499,8+,1,0,8.0,256.0,2.0,120.0,382300.0,3.0,50.0
60999,8+,1,0,8.0,128.0,2.0,120.0,691200.0,3.0,32.0
32999,8+,1,0,12.0,256.0,3.0,120.0,388605.0,3.0,16.0
15999,7+,1,0,4.0,128.0,1.0,120.0,394036.0,3.0,8.0
99990,,1,0,8.0,256.0,2.0,120.0,484597.0,,
9499,6+,0,0,3.0,64.0,,,176926.0,1.0,5.0
27994,8+,1,0,12.0,256.0,1.0,90.0,402484.0,3.0,50.0
13989,7+,1,0,4.0,64.0,1.0,120.0,395234.0,2.0,8.0
44999,8+,1,0,8.0,128.0,3.0,120.0,388800.0,3.0,16.0
13999,7+,1,0,6.0,128.0,1.0,90.0,398769.0,3.0,8.0
6190,,0,0,4.0,32.0,,,184025.0,2.0,5.0
119900,8+,1,0,6.0,128.0,,120.0,485645.0,3.0,12.0
27660,8+,1,0,8.0,128.0,2.0,120.0,393920.0,3.0,32.0
24999,7+,1,0,6.0,128.0,1.0,90.0,398769.0,4.0,13.0
8388,6+,0,0,4.0,64.0,,,176416.0,1.0,5.0
15999,8+,0,0,6.0,128.0,1.0,120.0,395725.0,3.0,16.0
20999,8+,1,0,8.0,128.0,1.0,90.0,394036.0,3.0,13.0
13999,7+,1,0,4.0,64.0,1.0,90.0,398769.0,3.0,16.0
19990,8+,1,0,8.0,128.0,1.0,120.0,395234.0,3.0,16.0
13999,7+,1,0,6.0,128.0,1.0,90.0,177230.0,2.0,5.0
22999,8+,1,0,6.0,128.0,1.0,144.0,398769.0,3.0,32.0
22999,7+,1,0,6.0,128.0,1.0,120.0,394036.0,4.0,8.0
16999,7+,1,0,8.0,128.0,1.0,90.0,176926.0,2.0,8.0
14290,7+,0,0,6.0,128.0,1.0,90.0,403110.0,4.0,13.0
41999,,1,0,8.0,128.0,1.0,120.0,386865.0,4.0,32.0
13489,6+,0,0,4.0,64.0,1.0,,176958.0,2.0,8.0
22990,8+,1,0,8.0,128.0,,120.0,395289.0,3.0,16.0
16499,8+,1,0,8.0,128.0,,120.0,395725.0,3.0,16.0
73999,,1,1,12.0,256.0,2.0,120.0,679646.0,4.0,32.0
9999,6+,0,0,4.0,64.0,,,177230.0,2.0,5.0
12499,7+,0,0,4.0,64.0,1.0,90.0,394690.0,3.0,16.0
12499,7+,0,0,4.0,64.0,,,176926.0,2.0,5.0
59999,8+,1,0,8.0,256.0,3.0,144.0,679646.0,3.0,16.0
106990,,1,0,12.0,256.0,2.0,120.0,515387.0,,
15990,7+,1,0,4.0,128.0,1.0,120.0,395234.0,3.0,16.0
119990,7+,1,0,6.0,128.0,,120.0,494020.0,3.0,12.0
19999,8+,1,0,6.0,128.0,1.0,120.0,388605.0,4.0,32.0
23990,8+,1,0,8.0,128.0,2.0,144.0,405618.0,3.0,32.0
12999,7+,1,0,8.0,128.0,1.0,90.0,394036.0,2.0,8.0
19990,8+,1,0,8.0,128.0,3.0,,403110.0,4.0,16.0
58990,,1,1,8.0,128.0,3.0,120.0,684695.0,3.0,32.0
43999,8+,1,0,12.0,256.0,3.0,144.0,385141.0,3.0,32.0
49999,8+,1,0,8.0,128.0,1.0,120.0,414295.0,3.0,10.0
15999,7+,0,0,6.0,128.0,1.0,,403826.0,3.0,16.0
36999,8+,1,0,12.0,256.0,2.0,120.0,388800.0,3.0,16.0
39999,8+,1,0,8.0,256.0,1.0,120.0,381176.0,3.0,32.0
51999,7+,1,0,4.0,64.0,,,,,
22999,8+,1,0,6.0,128.0,2.0,144.0,402545.0,3.0,16.0
31999,8+,1,0,6.0,128.0,1.0,120.0,398769.0,4.0,32.0
6171,,0,0,2.0,32.0,1.0,,176687.0,2.0,5.0
29340,8+,1,0,8.0,128.0,2.0,90.0,403110.0,3.0,32.0
25289,8+,1,0,8.0,128.0,1.0,120.0,386865.0,4.0,32.0
21788,7+,1,0,6.0,128.0,2.0,90.0,403155.0,3.0,16.0
69999,8+,1,0,16.0,512.0,3.0,165.0,392843.0,3.0,32.0
70990,8+,1,0,8.0,128.0,1.0,120.0,414295.0,3.0,12.0
34999,8+,1,0,8.0,128.0,2.0,144.0,386865.0,3.0,60.0
33900,8+,1,0,12.0,256.0,2.0,90.0,403110.0,3.0,32.0
29999,7+,1,0,6.0,128.0,,,422149.0,2.0,8.0
18999,8+,1,0,8.0,128.0,1.0,,386865.0,3.0,16.0
19499,8+,1,0,8.0,128.0,1.0,120.0,392727.0,4.0,8.0
24994,8+,1,0,8.0,128.0,1.0,90.0,402484.0,3.0,50.0
10999,7+,0,0,4.0,64.0,1.0,,400618.0,3.0,16.0
24999,8+,1,0,8.0,256.0,1.0,120.0,395289.0,3.0,16.0
25999,8+,1,0,6.0,128.0,1.0,90.0,405000.0,4.0,13.0
34990,6+,1,0,6.0,128.0,,90.0,424918.0,2.0,8.0
13466,7+,1,0,4.0,64.0,1.0,90.0,395234.0,2.0,5.0
9999,7+,0,0,4.0,64.0,1.0,,388605.0,4.0,16.0
7999,7+,0,0,4.0,64.0,,90.0,177230.0,3.0,8.0
28249,8+,1,0,8.0,256.0,1.0,120.0,395725.0,2.0,16.0
16499,8+,1,0,6.0,128.0,2.0,120.0,388605.0,3.0,16.0
22999,8+,1,0,8.0,256.0,2.0,120.0,388605.0,3.0,16.0
46999,7+,0,0,4.0,128.0,,,243241.0,2.0,12.0
13999,7+,0,0,6.0,128.0,1.0,90.0,394036.0,3.0,8.0
13490,7+,0,0,6.0,128.0,1.0,90.0,395289.0,3.0,16.0
28999,8+,1,0,8.0,128.0,2.0,120.0,391540.0,3.0,16.0
15499,7+,1,0,4.0,128.0,1.0,120.0,395234.0,3.0,16.0
39999,8+,1,0,16.0,256.0,2.0,120.0,388800.0,2.0,32.0
12999,7+,1,0,4.0,64.0,1.0,90.0,392727.0,2.0,16.0
4499,,0,0,2.0,64.0,,,184320.0,1.0,2.0
14999,6+,0,0,4.0,64.0,1.0,,172269.0,3.0,8.0
8499,6+,0,0,4.0,64.0,1.0,,177230.0,2.0,5.0
24990,8+,1,0,8.0,128.0,2.0,120.0,391540.0,3.0,16.0
16999,8+,1,0,6.0,128.0,1.0,120.0,398769.0,4.0,32.0
9589,7+,0,0,4.0,64.0,1.0,,171940.0,2.0,5.0
40999,7+,1,0,4.0,64.0,,,,,
19988,7+,1,0,6.0,128.0,1.0,120.0,388605.0,3.0,13.0
11999,7+,0,0,4.0,64.0,1.0,90.0,402545.0,3.0,16.0
142990,7+,1,0,8.0,256.0,1.0,120.0,533974.0,3.0,12.0
30990,8+,1,0,8.0,128.0,2.0,120.0,388800.0,2.0,16.0
19499,8+,1,0,8.0,256.0,1.0,120.0,391858.0,3.0,16.0
4990,,0,0,4.0,512.0,,,28444.0,,
5299,,0,0,2.0,32.0,,,177230.0,1.0,5.0
25969,8+,1,0,8.0,128.0,1.0,,403110.0,3.0,16.0
28999,8+,1,0,6.0,128.0,2.0,120.0,405000.0,3.0,32.0
94990,,1,0,12.0,256.0,2.0,120.0,484597.0,,
14999,8+,0,0,6.0,128.0,1.0,90.0,405000.0,3.0,16.0
14999,7+,0,0,4.0,64.0,1.0,90.0,405000.0,2.0,16.0
129900,8+,1,0,6.0,128.0,,120.0,532380.0,3.0,12.0
58990,8+,1,0,12.0,256.0,2.0,120.0,387066.0,4.0,32.0
41990,8+,1,1,8.0,128.0,3.0,120.0,520353.0,3.0,32.0
10999,7+,0,0,4.0,64.0,1.0,,394036.0,3.0,8.0
11999,7+,0,0,6.0,128.0,1.0,,403110.0,4.0,13.0
16999,7+,0,0,8.0,128.0,1.0,90.0,405000.0,2.0,16.0
30990,8+,1,0,8.0,128.0,2.0,120.0,391540.0,3.0,16.0
17999,7+,1,0,4.0,64.0,1.0,120.0,394036.0,2.0,8.0
5499,,0,0,4.0,32.0,,,171743.0,2.0,5.0
20499,8+,1,0,6.0,128.0,2.0,120.0,398320.0,4.0,32.0
20490,8+,1,0,6.0,128.0,1.0,90.0,405000.0,3.0,16.0
15490,7+,1,0,6.0,128.0,1.0,90.0,398769.0,3.0,8.0
29990,6+,0,0,3.0,64.0,,,212872.0,1.0,7.0
15499,7+,1,0,6.0,128.0,1.0,120.0,395234.0,2.0,8.0
11999,7+,0,0,6.0,64.0,1.0,,403110.0,4.0,13.0
10999,7+,0,0,4.0,64.0,1.0,120.0,394690.0,3.0,16.0
21990,8+,1,0,8.0,128.0,1.0,,395234.0,3.0,16.0
31999,8+,1,0,12.0,256.0,1.0,90.0,403826.0,3.0,50.0
11999,7+,0,0,6.0,64.0,1.0,90.0,403110.0,3.0,16.0
36999,8+,1,0,8.0,256.0,3.0,120.0,381176.0,3.0,32.0
6999,6+,0,0,3.0,32.0,1.0,,175609.0,2.0,5.0
39999,8+,1,0,8.0,128.0,3.0,165.0,386865.0,3.0,60.0
14999,7+,1,0,4.0,128.0,1.0,120.0,394036.0,3.0,8.0
14499,7+,1,0,8.0,128.0,1.0,90.0,394036.0,3.0,8.0
27999,8+,1,0,8.0,128.0,3.0,90.0,403110.0,3.0,32.0
20499,8+,1,0,8.0,128.0,1.0,120.0,392727.0,3.0,16.0
8099,60.0,0,0,4.0,64.0,,,177230.0,1.0,8.0
10999,6+,0,0,8.0,128.0,1.0,,177230.0,2.0,5.0
3499,6+,0,0,3.0,32.0,,,184131.0,2.0,5.0
9990,,0,0,4.0,64.0,,,173559.0,1.0,2.0
34999,8+,1,0,6.0,128.0,1.0,90.0,390548.0,3.0,32.0
46999,,1,0,12.0,256.0,2.0,120.0,649275.0,1.0,32.0
39999,8+,1,0,8.0,128.0,2.0,144.0,395725.0,3.0,32.0
11828,6+,0,0,4.0,64.0,1.0,,394036.0,3.0,8.0
45999,8+,1,0,12.0,256.0,2.0,120.0,388800.0,3.0,32.0
18999,8+,1,0,6.0,128.0,1.0,120.0,395289.0,3.0,16.0
17999,8+,1,0,8.0,128.0,2.0,120.0,388605.0,3.0,16.0
8499,6+,0,0,4.0,64.0,1.0,,177230.0,2.0,5.0
17999,7+,0,0,8.0,128.0,1.0,90.0,175609.0,2.0,8.0
14450,7+,0,0,4.0,64.0,1.0,,394036.0,4.0,8.0
54999,,1,0,8.0,128.0,3.0,144.0,388605.0,3.0,60.0
71999,,1,1,12.0,256.0,3.0,120.0,698181.0,4.0,32.0
12999,7+,0,0,6.0,128.0,1.0,90.0,402545.0,3.0,16.0
11499,7+,1,0,4.0,64.0,1.0,90.0,393920.0,2.0,8.0
35999,8+,1,0,12.0,256.0,1.0,120.0,395725.0,2.0,16.0
34999,7+,1,0,6.0,128.0,1.0,120.0,405000.0,3.0,32.0
11999,7+,0,0,8.0,128.0,1.0,90.0,168914.0,2.0,8.0
27994,8+,1,0,8.0,256.0,2.0,120.0,388605.0,3.0,16.0
139990,7+,1,0,6.0,256.0,,120.0,538334.0,3.0,12.0
39999,8+,1,0,12.0,256.0,2.0,120.0,391170.0,3.0,32.0
15499,7+,1,0,6.0,128.0,1.0,90.0,398769.0,3.0,16.0
18999,7+,1,0,6.0,128.0,1.0,120.0,394690.0,3.0,16.0
10999,7+,1,0,4.0,128.0,,90.0,177230.0,3.0,8.0
27999,8+,1,1,8.0,256.0,1.0,120.0,388605.0,3.0,16.0
81999,,1,0,12.0,128.0,1.0,120.0,670567.0,3.0,10.8
9999,7+,0,0,4.0,64.0,1.0,90.0,382273.0,3.0,8.0
31994,8+,1,0,8.0,128.0,1.0,90.0,391170.0,3.0,50.0
9299,6+,0,0,3.0,32.0,,,177230.0,2.0,5.0
29990,8+,1,1,8.0,128.0,2.0,120.0,690854.0,3.0,16.0
25900,7+,1,0,6.0,128.0,2.0,90.0,405000.0,3.0,16.0
16999,7+,1,0,6.0,128.0,1.0,90.0,394036.0,3.0,8.0
24999,8+,1,0,8.0,128.0,1.0,144.0,398769.0,3.0,32.0
12188,7+,0,0,6.0,64.0,1.0,90.0,403110.0,4.0,13.0
8999,,0,0,3.0,32.0,1.0,,176958.0,1.0,5.0
7499,6+,0,0,4.0,64.0,,,176416.0,3.0,5.0
17999,7+,1,0,6.0,128.0,1.0,90.0,392727.0,3.0,16.0
24999,7+,1,0,6.0,128.0,2.0,120.0,391540.0,3.0,16.0
45999,8+,1,0,12.0,256.0,2.0,120.0,388800.0,3.0,32.0
65499,,1,0,12.0,256.0,2.0,120.0,691200.0,3.0,32.0
58990,8+,1,1,8.0,256.0,3.0,144.0,679646.0,3.0,16.0
11999,7+,0,0,4.0,64.0,1.0,90.0,395234.0,2.0,8.0
11999,7+,0,0,8.0,128.0,1.0,,177313.0,2.0,5.0
18990,7+,1,0,6.0,128.0,1.0,90.0,176926.0,2.0,8.0
14499,7+,0,0,4.0,128.0,1.0,,403826.0,3.0,16.0
106990,,1,1,12.0,256.0,2.0,120.0,515491.0,,
10499,6+,0,0,3.0,64.0,1.0,,176958.0,2.0,5.0
26990,8+,1,0,8.0,256.0,1.0,,403110.0,3.0,16.0
19990,8+,0,0,8.0,128.0,1.0,,402484.0,3.0,44.0
24999,8+,1,1,8.0,256.0,3.0,120.0,388605.0,3.0,16.0
13969,6+,0,0,4.0,64.0,1.0,,176926.0,2.0,8.0
44999,8+,1,0,8.0,128.0,2.0,120.0,388800.0,4.0,32.0
24999,8+,1,0,8.0,128.0,2.0,90.0,403155.0,3.0,16.0
53100,8+,1,0,8.0,128.0,1.0,90.0,411428.0,2.0,10.8
16999,8+,1,0,6.0,128.0,1.0,90.0,392727.0,2.0,16.0
21899,8+,0,0,8.0,128.0,1.0,90.0,403110.0,3.0,32.0
75999,8+,1,0,6.0,256.0,,,485645.0,2.0,12.0
25999,8+,1,0,8.0,256.0,1.0,120.0,398769.0,2.0,16.0
46990,8+,1,0,8.0,128.0,2.0,120.0,407011.0,3.0,16.0
9999,7+,0,0,4.0,64.0,1.0,,400618.0,3.0,13.0
49999,8+,1,0,12.0,256.0,1.0,120.0,381176.0,3.0,32.0
17999,8+,0,0,8.0,128.0,1.0,90.0,386865.0,3.0,60.0
16940,7+,1,0,6.0,128.0,1.0,120.0,395234.0,3.0,16.0
17990,8+,1,0,6.0,64.0,2.0,120.0,388605.0,3.0,16.0
20990,8+,1,0,8.0,128.0,2.0,120.0,388800.0,2.0,16.0
51999,7+,1,0,8.0,128.0,1.0,120.0,405000.0,3.0,32.0
64449,8+,1,0,8.0,128.0,1.0,120.0,382909.0,3.0,10.0
8990,7+,1,0,6.0,64.0,1.0,90.0,395234.0,2.0,8.0
19999,7+,0,0,4.0,128.0,1.0,90.0,177230.0,3.0,16.0
13499,7+,1,0,6.0,128.0,1.0,90.0,393920.0,2.0,8.0
15499,7+,1,0,8.0,128.0,1.0,120.0,385043.0,3.0,16.0
6499,6+,0,0,3.0,32.0,,,176416.0,3.0,5.0
71999,60.0,0,0,4.0,64.0,,,243241.0,2.0,7.0
36499,8+,1,0,8.0,256.0,1.0,120.0,398769.0,4.0,32.0
15999,7+,1,0,6.0,64.0,1.0,,386865.0,3.0,16.0
31994,8+,1,0,12.0,256.0,2.0,90.0,395725.0,3.0,32.0
34999,8+,1,0,8.0,128.0,3.0,120.0,388800.0,3.0,16.0
18999,8+,0,0,6.0,128.0,2.0,120.0,388605.0,4.0,16.0
39990,8+,1,0,8.0,128.0,2.0,120.0,388605.0,3.0,32.0
16499,8+,0,0,8.0,128.0,1.0,90.0,405000.0,4.0,20.0
6199,,0,0,512.0,4.0,,,27428.0,,
54300,8+,1,0,12.0,128.0,1.0,120.0,669567.0,3.0,11.1
9999,7+,0,0,4.0,64.0,1.0,,386865.0,3.0,8.0
15990,7+,1,0,6.0,128.0,1.0,90.0,395234.0,2.0,5.0
22700,8+,1,0,8.0,128.0,2.0,120.0,388605.0,3.0,16.0
50990,8+,1,1,8.0,256.0,3.0,120.0,684695.0,3.0,32.0
64900,7+,1,0,4.0,128.0,,,467999.0,2.0,12.0
13799,7+,0,0,6.0,128.0,1.0,90.0,385043.0,3.0,8.0
8999,6+,0,0,4.0,64.0,,,176687.0,3.0,5.0
89999,8+,1,0,18.0,512.0,2.0,165.0,389946.0,3.0,12.0
21994,8+,1,0,8.0,128.0,1.0,,402484.0,3.0,44.0
69990,6+,0,0,6.0,128.0,,,466273.0,2.0,12.0
12999,7+,1,0,4.0,64.0,1.0,90.0,398769.0,3.0,8.0
24990,8+,1,0,8.0,128.0,3.0,120.0,382300.0,3.0,16.0
19990,8+,0,0,8.0,128.0,1.0,,394036.0,4.0,8.0
26999,8+,1,0,8.0,128.0,2.0,120.0,388605.0,3.0,16.0
19999,8+,1,1,8.0,128.0,2.0,120.0,388605.0,3.0,16.0
16900,8+,0,0,8.0,256.0,1.0,,386865.0,3.0,16.0
19999,7+,1,0,6.0,128.0,1.0,120.0,394036.0,2.0,8.0
182999,7+,1,0,6.0,1.0,,120.0,538334.0,3.0,12.0
12999,7+,0,0,6.0,128.0,1.0,,392727.0,3.0,8.0
15999,8+,1,0,8.0,128.0,1.0,90.0,392727.0,2.0,16.0
13999,8+,0,0,8.0,128.0,1.0,,403110.0,4.0,13.0
7749,6+,0,0,4.0,64.0,,,176687.0,1.0,5.0
24999,8+,1,0,8.0,128.0,1.0,120.0,394036.0,4.0,8.0
59999,,1,0,12.0,256.0,3.0,144.0,388605.0,3.0,60.0
25895,8+,1,0,8.0,128.0,1.0,,403110.0,3.0,16.0
46990,8+,1,1,8.0,128.0,2.0,120.0,407547.0,3.0,32.0
7499,6+,0,0,3.0,32.0,,,176416.0,1.0,5.0
7790,60.0,0,0,2.0,32.0,1.0,,176958.0,1.0,5.0
25999,8+,1,0,8.0,256.0,2.0,144.0,402545.0,3.0,16.0
6299,60.0,0,0,3.0,32.0,,,177230.0,1.0,5.0
12999,7+,1,0,4.0,64.0,,120.0,381176.0,3.0,13.0
11999,7+,0,0,6.0,128.0,1.0,,171940.0,2.0,5.0
21890,8+,1,1,6.0,128.0,1.0,90.0,395725.0,3.0,20.0
69999,8+,1,0,8.0,128.0,1.0,120.0,425552.0,,
55999,7+,1,0,4.0,128.0,,,,,
55999,8+,1,0,16.0,256.0,3.0,120.0,388800.0,3.0,16.0
14999,7+,0,0,4.0,128.0,1.0,,394036.0,4.0,8.0
25994,8+,1,0,8.0,256.0,2.0,90.0,403110.0,3.0,32.0
42999,8+,1,0,8.0,128.0,,120.0,391540.0,3.0,16.0
33499,8+,1,0,8.0,128.0,1.0,120.0,398769.0,4.0,32.0
118999,,1,0,12.0,512.0,1.0,120.0,652235.0,4.0,40.0
16999,7+,1,0,6.0,128.0,1.0,,405000.0,3.0,16.0
6990,,0,0,2.0,32.0,,,174545.0,3.0,8.0
29990,8+,1,0,8.0,128.0,2.0,120.0,432000.0,3.0,50.0
12944,7+,1,0,4.0,64.0,1.0,90.0,177230.0,2.0,5.0
29990,8+,1,1,8.0,128.0,2.0,144.0,386865.0,3.0,32.0
16999,7+,1,0,8.0,128.0,2.0,,378713.0,3.0,16.0
64999,8+,1,0,16.0,256.0,3.0,144.0,679646.0,3.0,16.0
154998,,1,0,12.0,256.0,1.0,120.0,518804.0,,
109999,8+,1,0,8.0,128.0,,,354461.0,,
84999,8+,1,0,6.0,256.0,,,532380.0,2.0,12.0
27499,8+,1,0,8.0,128.0,1.0,90.0,405000.0,4.0,13.0
8999,6+,0,0,6.0,128.0,,90.0,174545.0,2.0,8.0
40480,8+,1,0,8.0,128.0,1.0,90.0,405000.0,2.0,8.0
17999,8+,0,0,6.0,128.0,1.0,120.0,388605.0,4.0,16.0
105999,,1,0,12.0,256.0,1.0,120.0,677647.0,4.0,40.0
8999,6+,0,0,4.0,64.0,1.0,90.0,173137.0,2.0,8.0
14999,7+,0,0,6.0,128.0,1.0,90.0,395234.0,2.0,8.0
19990,8+,1,0,8.0,128.0,1.0,90.0,398769.0,3.0,32.0
23399,7+,1,0,8.0,128.0,2.0,90.0,403155.0,3.0,16.0
41990,,1,0,8.0,256.0,1.0,120.0,386865.0,4.0,32.0
22998,8+,1,0,8.0,128.0,1.0,144.0,394690.0,3.0,16.0
25999,8+,1,0,6.0,128.0,2.0,120.0,388605.0,3.0,20.0
11700,7+,0,0,4.0,64.0,1.0,,386865.0,3.0,16.0
6499,,0,0,2.0,32.0,,,177230.0,1.0,5.0
15999,8+,0,0,6.0,128.0,1.0,120.0,391858.0,3.0,32.0
64800,8+,1,0,8.0,128.0,2.0,120.0,691200.0,4.0,16.0
14590,7+,0,0,6.0,64.0,1.0,90.0,403110.0,4.0,16.0
7499,6+,0,0,4.0,64.0,,,176416.0,2.0,5.0
21999,8+,1,0,8.0,128.0,1.0,120.0,390705.0,3.0,16.0
11999,7+,0,0,4.0,64.0,,,177230.0,2.0,5.0
12999,7+,0,0,6.0,128.0,1.0,90.0,403110.0,3.0,16.0
20990,8+,1,0,6.0,128.0,1.0,,403110.0,3.0,16.0
72999,7+,1,0,4.0,256.0,,,485645.0,2.0,12.0
77990,,1,0,12.0,256.0,3.0,120.0,382300.0,3.0,32.0
56999,,1,1,8.0,256.0,3.0,120.0,520353.0,3.0,32.0
21999,7+,1,0,4.0,128.0,1.0,120.0,177230.0,2.0,16.0
9499,7+,0,0,4.0,64.0,1.0,90.0,176416.0,4.0,16.0
7499,6+,0,0,4.0,64.0,1.0,,176416.0,1.0,5.0
4649,,0,0,2.0,32.0,,,190238.0,1.0,8.0
18000,6+,0,0,4.0,32.0,,,176516.0,2.0,8.0
38999,8+,1,1,8.0,128.0,3.0,120.0,690854.0,3.0,16.0
7145,,0,0,2.0,32.0,1.0,,177230.0,1.0,5.0
14990,7+,0,0,8.0,128.0,1.0,90.0,177196.0,2.0,8.0
15499,6+,0,0,4.0,64.0,1.0,,175609.0,2.0,8.0
9999,6+,0,0,6.0,128.0,,,176416.0,1.0,5.0
29999,8+,1,0,12.0,256.0,2.0,120.0,388605.0,3.0,20.0
15999,8+,0,0,8.0,128.0,1.0,90.0,405000.0,3.0,16.0
59990,8+,1,1,8.0,128.0,3.0,120.0,496047.0,3.0,20.0
34990,8+,1,0,8.0,128.0,3.0,120.0,391170.0,3.0,16.0
45999,7+,1,0,4.0,128.0,,,,,
119990,8+,1,0,12.0,256.0,1.0,144.0,502489.0,4.0,60.0
89990,8+,1,0,8.0,128.0,1.0,120.0,423529.0,,
50999,8+,1,0,12.0,256.0,3.0,120.0,388800.0,3.0,16.0
7999,6+,0,0,4.0,64.0,,90.0,174545.0,2.0,8.0
43999,8+,1,0,8.0,256.0,1.0,120.0,394875.0,3.0,32.0
18499,8+,1,0,8.0,128.0,1.0,90.0,392727.0,2.0,16.0
134999,,1,0,12.0,512.0,1.0,120.0,971224.0,3.0,8.0
32999,8+,1,0,8.0,128.0,1.0,,402484.0,4.0,44.0
13499,7+,0,0,6.0,64.0,1.0,120.0,388605.0,4.0,20.0
35489,8+,0,0,8.0,128.0,1.0,120.0,398769.0,3.0,32.0
20120,7+,0,0,6.0,64.0,,,432000.0,2.0,8.0
42999,8+,0,0,8.0,128.0,1.0,,684000.0,3.0,10.0
4649,,0,0,,,,,,,
24999,7+,1,0,6.0,128.0,2.0,90.0,405000.0,3.0,16.0
20999,8+,0,0,8.0,128.0,1.0,90.0,398769.0,3.0,32.0
28994,8+,1,0,8.0,128.0,2.0,120.0,391540.0,3.0,16.0
48900,8+,1,0,8.0,128.0,1.0,120.0,418064.0,3.0,10.0
22494,8+,0,0,8.0,128.0,1.0,,386865.0,4.0,32.0
8990,6+,0,0,3.0,32.0,1.0,,176958.0,1.0,5.0
6999,,0,0,4.0,32.0,,,172800.0,3.0,8.0
8890,6+,0,0,4.0,64.0,,90.0,175854.0,2.0,8.0
18498,8+,1,0,8.0,128.0,1.0,120.0,395234.0,3.0,16.0
23999,8+,1,0,6.0,128.0,2.0,90.0,403155.0,3.0,16.0
22994,8+,1,0,8.0,128.0,2.0,90.0,405000.0,3.0,16.0
12990,7+,0,0,4.0,64.0,1.0,90.0,177230.0,3.0,5.0
14999,7+,0,0,6.0,128.0,1.0,90.0,394690.0,3.0,16.0
18499,7+,1,0,8.0,128.0,1.0,90.0,398769.0,3.0,16.0
14990,7+,0,0,6.0,128.0,1.0,,405000.0,3.0,16.0
70990,8+,1,0,8.0,256.0,1.0,120.0,400235.0,,
12120,7+,0,0,4.0,64.0,1.0,90.0,405000.0,4.0,20.0
29990,8+,0,0,8.0,256.0,1.0,,382300.0,3.0,16.0
20999,8+,1,0,8.0,128.0,1.0,120.0,394690.0,3.0,16.0
11999,7+,0,0,6.0,128.0,1.0,,388605.0,4.0,16.0
17990,7+,1,0,4.0,64.0,1.0,90.0,177230.0,3.0,5.0
14990,7+,1,0,4.0,128.0,1.0,90.0,392727.0,2.0,16.0
6490,,0,0,1.0,16.0,,,177230.0,2.0,8.0
2999,,0,0,512.0,4.0,,,32000.0,1.0,0.3
34999,8+,1,0,8.0,128.0,3.0,120.0,388800.0,3.0,16.0
149900,7+,1,0,8.0,128.0,,120.0,535934.0,3.0,12.0
6499,,0,0,2.0,32.0,1.0,,176687.0,2.0,5.0
104999,,1,0,12.0,256.0,2.0,120.0,689740.0,3.0,10.0
13999,7+,0,0,4.0,128.0,1.0,90.0,394690.0,3.0,16.0
16999,7+,1,0,6.0,64.0,1.0,90.0,392727.0,2.0,16.0
79999,,1,0,12.0,256.0,2.0,120.0,679646.0,4.0,32.0
36760,8+,1,0,12.0,256.0,2.0,90.0,395725.0,4.0,32.0
23499,8+,1,0,6.0,128.0,2.0,120.0,388605.0,3.0,16.0
75990,8+,1,0,18.0,256.0,3.0,165.0,388800.0,3.0,32.0
21990,7+,1,0,6.0,128.0,1.0,90.0,175609.0,2.0,8.0
18999,7+,1,0,6.0,128.0,1.0,144.0,394690.0,3.0,16.0
7249,6+,0,0,3.0,32.0,1.0,,172800.0,2.0,5.0
16990,7+,1,0,4.0,64.0,1.0,90.0,399383.0,3.0,16.0
23890,7+,1,0,6.0,128.0,1.0,120.0,388605.0,3.0,20.0
26380,8+,1,0,8.0,128.0,2.0,90.0,403110.0,3.0,32.0
27999,8+,1,0,12.0,256.0,2.0,90.0,402484.0,4.0,32.0
10850,6+,0,0,6.0,128.0,,,176416.0,1.0,5.0
19999,8+,1,1,6.0,128.0,2.0,120.0,388605.0,3.0,16.0
129990,7+,1,0,6.0,256.0,,120.0,494020.0,3.0,12.0
19990,8+,1,0,6.0,128.0,1.0,120.0,398769.0,3.0,16.0
41990,,1,0,8.0,128.0,3.0,144.0,388605.0,3.0,60.0
69990,,1,1,8.0,256.0,2.0,120.0,684695.0,3.0,32.0
39990,8+,1,0,12.0,512.0,2.0,120.0,388605.0,3.0,32.0
74999,,1,0,12.0,512.0,2.0,120.0,691200.0,3.0,32.0
36994,8+,1,0,12.0,256.0,1.0,90.0,391170.0,3.0,50.0
14700,7+,0,0,6.0,128.0,1.0,,176958.0,3.0,16.0
34990,8+,1,1,8.0,128.0,3.0,120.0,388605.0,3.0,16.0
34999,7+,1,0,6.0,64.0,1.0,,380616.0,4.0,32.0
13990,7+,0,0,4.0,64.0,1.0,,403110.0,4.0,13.0
650000,6+,0,0,2.0,64.0,,,441191.0,1.0,2.1
14859,7+,0,0,6.0,128.0,1.0,90.0,405000.0,4.0,20.0
17999,8+,0,0,8.0,128.0,1.0,120.0,390705.0,3.0,32.0
34990,8+,1,0,8.0,128.0,2.0,120.0,386865.0,3.0,32.0
14990,8+,1,0,8.0,128.0,,,390705.0,4.0,16.0
8999,6+,0,0,3.0,32.0,,,176687.0,1.0,5.0
8999,7+,0,0,4.0,64.0,1.0,90.0,177230.0,2.0,8.0
15824,8+,0,0,8.0,128.0,1.0,90.0,403110.0,4.0,16.0
43900,,1,0,,64.0,,,,,
22494,8+,0,0,8.0,128.0,1.0,90.0,398769.0,4.0,32.0
19650,8+,0,0,6.0,128.0,1.0,120.0,388605.0,4.0,20.0
6999,6+,0,0,2.0,32.0,,,176416.0,1.0,5.0
16499,7+,0,0,6.0,128.0,1.0,90.0,405000.0,4.0,20.0
15999,7+,0,0,4.0,128.0,1.0,90.0,177230.0,3.0,8.0
72999,8+,1,0,16.0,256.0,2.0,165.0,389946.0,3.0,12.0
26999,8+,1,0,6.0,128.0,3.0,120.0,388605.0,3.0,16.0
6999,,0,0,2.0,32.0,,,174545.0,2.0,5.0
130990,7+,1,0,8.0,128.0,,,,,
12787,7+,0,0,4.0,128.0,1.0,90.0,394036.0,3.0,8.0
9999,7+,0,0,4.0,64.0,1.0,90.0,173137.0,3.0,8.0
54999,8+,1,0,8.0,128.0,2.0,120.0,382300.0,3.0,32.0
15490,7+,0,0,8.0,128.0,1.0,,395234.0,3.0,16.0
25999,8+,0,0,8.0,256.0,1.0,90.0,377194.0,3.0,48.0
9499,6+,0,0,4.0,128.0,1.0,,177230.0,2.0,5.0
7999,6+,0,0,4.0,64.0,,,177049.0,2.0,5.0
63990,8+,1,0,8.0,128.0,1.0,120.0,439322.0,2.0,12.0
15990,7+,0,0,4.0,64.0,,,195096.0,3.0,8.0
34949,8+,1,0,12.0,256.0,2.0,120.0,391540.0,3.0,16.0
8799,7+,0,0,4.0,64.0,1.0,,390705.0,3.0,8.0
12390,7+,0,0,4.0,64.0,1.0,90.0,398769.0,4.0,8.0
11499,7+,0,0,4.0,64.0,,90.0,180000.0,4.0,13.0
199990,,1,0,12.0,512.0,1.0,,593181.0,,
42990,8+,1,0,16.0,256.0,3.0,120.0,387066.0,2.0,32.0
34999,8+,1,0,8.0,128.0,2.0,144.0,388605.0,3.0,16.0
11999,7+,0,0,4.0,128.0,1.0,,394036.0,3.0,8.0
10499,6+,0,0,4.0,64.0,1.0,90.0,176687.0,2.0,8.0
8910,6+,0,0,4.0,64.0,1.0,90.0,173137.0,2.0,8.0
24990,8+,1,0,8.0,128.0,2.0,120.0,391540.0,3.0,16.0
17999,8+,1,0,8.0,128.0,1.0,,403110.0,3.0,16.0
22999,8+,1,1,8.0,128.0,1.0,90.0,395725.0,3.0,20.0
6490,,0,0,2.0,32.0,,,177230.0,1.0,5.0
21990,8+,1,0,8.0,128.0,1.0,120.0,388605.0,3.0,16.0
1762,,0,0,128.0,48.0,,,10666.0,,
12364,7+,0,0,4.0,64.0,1.0,90.0,405000.0,4.0,20.0
39990,8+,1,0,6.0,128.0,1.0,120.0,686736.0,3.0,10.0
11999,7+,0,0,6.0,64.0,,,392504.0,2.0,20.0
7499,,0,0,1.0,16.0,,,91093.0,1.0,2.0
3990,60.0,0,0,3.0,32.0,,,377018.0,2.0,5.0
10499,6+,0,0,2.0,64.0,1.0,,177230.0,1.0,5.0
6299,,0,0,2.0,32.0,,,175609.0,2.0,5.0
5990,,0,0,2.0,32.0,,,81984.0,1.0,0.3
113990,,1,0,12.0,256.0,2.0,120.0,515387.0,,
239999,8+,0,1,,512.0,2.0,120.0,470414.0,3.0,13.0
21999,8+,1,0,6.0,128.0,1.0,,386865.0,4.0,32.0
15999,7+,0,0,6.0,128.0,1.0,120.0,402484.0,3.0,16.0
6899,,0,0,512.0,4.0,,,27428.0,,
69990,8+,1,0,8.0,128.0,1.0,120.0,446163.0,3.0,8.0
12990,7+,0,0,4.0,128.0,,,175067.0,3.0,16.0
92980,,1,0,12.0,512.0,1.0,120.0,971224.0,4.0,12.0
15999,7+,0,0,8.0,256.0,1.0,90.0,172972.0,2.0,8.0
23999,8+,0,0,8.0,256.0,2.0,90.0,349745.0,3.0,16.0
12999,7+,0,0,4.0,128.0,1.0,90.0,395234.0,2.0,8.0
60990,8+,1,0,12.0,256.0,3.0,120.0,381176.0,3.0,8.0
8859,6+,0,0,4.0,64.0,1.0,90.0,177230.0,3.0,8.0
33749,8+,1,0,12.0,256.0,2.0,120.0,391540.0,3.0,16.0
15990,6+,0,0,6.0,64.0,,,177230.0,3.0,8.0
24990,8+,1,1,8.0,128.0,2.0,144.0,402545.0,3.0,16.0
14999,7+,1,0,4.0,128.0,1.0,90.0,392727.0,3.0,16.0
17990,7+,1,0,6.0,128.0,2.0,120.0,388409.0,2.0,8.0
24990,7+,1,0,8.0,128.0,2.0,120.0,378890.0,3.0,16.0
11600,7+,0,0,4.0,64.0,1.0,90.0,393920.0,3.0,8.0
8299,6+,0,0,3.0,32.0,,,176687.0,3.0,5.0
11999,7+,0,0,6.0,128.0,1.0,,400618.0,3.0,13.0
89999,8+,1,0,8.0,128.0,1.0,120.0,425552.0,,
27999,7+,0,0,8.0,128.0,,,392101.0,2.0,16.0
15990,6+,0,0,4.0,128.0,,,691200.0,1.0,8.0
7289,60.0,0,0,2.0,32.0,1.0,,176687.0,2.0,5.0
30990,8+,1,0,8.0,256.0,2.0,120.0,388605.0,3.0,32.0
15499,7+,0,0,6.0,128.0,1.0,120.0,394690.0,3.0,16.0
8499,6+,0,0,3.0,32.0,,,176958.0,2.0,8.0
14490,7+,0,0,6.0,128.0,1.0,90.0,405000.0,4.0,20.0
15490,7+,1,0,6.0,128.0,1.0,90.0,394036.0,3.0,8.0
14990,7+,1,0,6.0,128.0,2.0,120.0,394690.0,3.0,16.0
15999,7+,1,0,4.0,64.0,1.0,90.0,398769.0,3.0,8.0
36000,8+,1,0,8.0,128.0,1.0,90.0,421200.0,2.0,8.0
69999,,1,0,12.0,256.0,3.0,144.0,730056.0,3.0,32.0
26990,8+,1,1,8.0,256.0,3.0,120.0,388605.0,3.0,16.0
10630,7+,0,0,4.0,64.0,1.0,,392727.0,3.0,8.0
42990,8+,1,0,8.0,256.0,2.0,120.0,388800.0,3.0,32.0
24990,7+,1,0,8.0,128.0,,90.0,393920.0,3.0,16.0
14489,7+,0,0,4.0,128.0,1.0,120.0,402484.0,3.0,16.0
16490,7+,0,0,6.0,128.0,1.0,90.0,176926.0,2.0,8.0
24494,8+,1,0,8.0,256.0,2.0,90.0,405000.0,3.0,16.0
7999,6+,0,0,2.0,32.0,,,176958.0,1.0,5.0
23990,8+,1,0,6.0,128.0,1.0,144.0,390705.0,3.0,16.0
49959,8+,1,0,8.0,128.0,2.0,120.0,691200.0,3.0,32.0
129900,8+,1,0,6.0,256.0,,120.0,485645.0,3.0,12.0
19990,7+,0,0,8.0,128.0,1.0,,402484.0,3.0,16.0
14990,6+,0,0,4.0,64.0,1.0,,392845.0,3.0,16.0
23269,8+,0,0,8.0,128.0,1.0,,402484.0,3.0,44.0
13999,7+,0,0,4.0,64.0,1.0,,388605.0,4.0,16.0
1949,,0,0,,,,,10240.0,,
2799,,0,0,64.0,128.0,,,32000.0,,
35389,8+,1,0,8.0,128.0,2.0,120.0,388800.0,3.0,16.0
79700,,1,0,12.0,256.0,1.0,120.0,669567.0,3.0,11.1
9499,6+,0,0,3.0,32.0,1.0,,170919.0,3.0,5.0
12340,7+,0,0,8.0,128.0,1.0,90.0,175854.0,2.0,8.0
10799,7+,0,0,4.0,64.0,1.0,90.0,393920.0,3.0,8.0
14990,7+,0,0,4.0,128.0,1.0,,171940.0,2.0,5.0
61990,8+,1,0,8.0,128.0,2.0,120.0,407011.0,3.0,16.0
51880,,1,1,12.0,256.0,3.0,120.0,684695.0,3.0,32.0
16990,7+,0,0,8.0,128.0,1.0,90.0,395289.0,3.0,16.0
19990,8+,0,0,8.0,128.0,2.0,90.0,380389.0,4.0,16.0
57999,8+,1,0,8.0,256.0,1.0,120.0,414295.0,3.0,10.0
46990,8+,1,0,12.0,256.0,2.0,144.0,383930.0,2.0,16.0
20990,7+,1,0,4.0,128.0,1.0,,395234.0,3.0,8.0
17990,8+,1,0,6.0,128.0,1.0,,388605.0,4.0,16.0
17499,8+,1,0,8.0,128.0,1.0,90.0,398769.0,3.0,16.0
17999,7+,1,0,6.0,128.0,1.0,90.0,398769.0,3.0,16.0
49990,,1,0,8.0,128.0,1.0,144.0,399483.0,4.0,32.0
2399,,0,0,,,,,,,
14999,7+,1,0,4.0,128.0,1.0,120.0,388605.0,3.0,8.0
19980,8+,0,0,6.0,128.0,1.0,120.0,388605.0,4.0,16.0
35990,8+,1,0,12.0,256.0,2.0,120.0,391540.0,3.0,16.0
15999,7+,0,0,4.0,128.0,1.0,,405000.0,4.0,16.0
41999,8+,0,0,8.0,128.0,1.0,120.0,743225.0,3.0,10.0
25999,8+,1,1,8.0,128.0,2.0,120.0,690854.0,3.0,20.0
7990,6+,0,0,3.0,32.0,1.0,90.0,177230.0,3.0,8.0
29990,8+,1,0,8.0,128.0,2.0,90.0,403110.0,3.0,32.0
27990,8+,1,0,8.0,128.0,2.0,90.0,413188.0,4.0,16.0
29999,8+,1,1,8.0,128.0,2.0,120.0,690854.0,3.0,16.0
8999,6+,0,0,4.0,64.0,,,176687.0,1.0,5.0
13999,8+,0,0,8.0,128.0,1.0,90.0,403110.0,3.0,16.0
11499,7+,0,0,4.0,64.0,1.0,,177230.0,3.0,8.0
39999,8+,1,0,8.0,128.0,2.0,144.0,389946.0,3.0,24.0
27999,8+,1,0,8.0,128.0,2.0,120.0,403110.0,3.0,32.0
24499,7+,1,0,6.0,128.0,1.0,90.0,177230.0,4.0,13.0
60999,8+,1,0,12.0,256.0,3.0,120.0,407011.0,3.0,16.0
110999,8+,1,0,12.0,256.0,1.0,120.0,513650.0,,
54999,8+,1,0,8.0,128.0,,,390705.0,,
16490,7+,0,0,6.0,64.0,1.0,,388605.0,4.0,32.0
24990,8+,0,0,6.0,128.0,1.0,90.0,398769.0,4.0,32.0
1299,,0,0,4.0,4.0,,,10847.0,,
25000,,0,0,3.0,16.0,,,172800.0,1.0,5.0
1999,,0,0,1.0,8.0,,,91093.0,1.0,2.0
9950,6+,0,0,3.0,64.0,,,177230.0,2.0,5.0
12999,7+,1,0,8.0,128.0,,,176926.0,2.0,8.0
19999,8+,0,0,8.0,256.0,2.0,120.0,388605.0,3.0,16.0
32999,8+,1,0,8.0,256.0,3.0,120.0,387066.0,3.0,32.0
28498,8+,1,0,6.0,128.0,1.0,120.0,393920.0,3.0,8.0
15998,7+,0,0,4.0,128.0,1.0,,175609.0,2.0,8.0
3749,,0,0,,,,,,,
59990,8+,1,0,8.0,128.0,3.0,165.0,396537.0,3.0,60.0
16990,7+,1,0,6.0,128.0,2.0,120.0,395289.0,3.0,16.0
27999,8+,1,0,12.0,256.0,2.0,90.0,403155.0,3.0,16.0
13499,7+,0,0,6.0,128.0,1.0,90.0,177230.0,3.0,8.0
16499,7+,0,0,6.0,128.0,1.0,,394036.0,4.0,8.0
10999,6+,0,0,4.0,64.0,,,176687.0,1.0,5.0
13990,7+,0,0,4.0,64.0,1.0,,171940.0,2.0,5.0
9999,7+,0,0,4.0,64.0,1.0,90.0,402545.0,3.0,32.0
31994,8+,1,0,8.0,128.0,2.0,120.0,388800.0,3.0,16.0
24820,8+,1,0,6.0,128.0,3.0,120.0,388605.0,3.0,16.0
22990,8+,1,0,8.0,128.0,2.0,120.0,391540.0,3.0,16.0
59990,8+,1,0,8.0,256.0,3.0,120.0,679646.0,3.0,16.0
8999,6+,0,0,4.0,64.0,,,177230.0,1.0,5.0
10499,7+,0,0,6.0,128.0,,,176416.0,2.0,5.0
7499,,0,0,3.0,32.0,,,188509.0,1.0,8.0
9990,7+,0,0,4.0,64.0,1.0,,401142.0,4.0,13.0
12490,7+,1,0,4.0,128.0,1.0,90.0,398769.0,3.0,8.0
13990,6+,0,0,4.0,64.0,1.0,,176958.0,3.0,8.0
17990,7+,1,0,6.0,128.0,1.0,90.0,394036.0,3.0,8.0
24999,8+,0,0,8.0,128.0,1.0,90.0,402484.0,3.0,44.0
21999,8+,0,0,8.0,128.0,2.0,,405000.0,4.0,32.0
19999,7+,0,0,8.0,128.0,1.0,90.0,395725.0,3.0,16.0
99999,,1,0,12.0,128.0,1.0,,667826.0,4.0,40.0
109900,7+,0,0,4.0,64.0,1.0,,513614.0,3.0,12.0
52990,,0,0,3.0,32.0,,,212872.0,1.0,7.0
99,,0,0,,,,,,,
19990,7+,0,0,8.0,128.0,1.0,120.0,398769.0,2.0,16.0
11499,6+,0,0,4.0,128.0,,,177230.0,2.0,5.0
699,,0,0,,,,,,,
13999,7+,0,0,4.0,64.0,1.0,120.0,388605.0,3.0,13.0
22990,8+,0,0,12.0,256.0,2.0,120.0,382300.0,,
28990,8+,1,0,8.0,256.0,2.0,120.0,386865.0,3.0,32.0
27999,8+,1,0,8.0,128.0,2.0,120.0,388605.0,3.0,20.0
19990,8+,1,1,6.0,128.0,2.0,144.0,402545.0,3.0,16.0
22999,8+,1,0,8.0,128.0,1.0,90.0,405000.0,3.0,16.0
17999,8+,0,0,8.0,128.0,1.0,,403826.0,3.0,16.0
15499,8+,0,0,6.0,128.0,1.0,90.0,403110.0,4.0,16.0
17990,8+,1,0,8.0,128.0,1.0,90.0,391858.0,4.0,16.0
13999,7+,0,0,6.0,128.0,1.0,120.0,394690.0,3.0,16.0
13499,7+,0,0,4.0,64.0,1.0,,176958.0,3.0,16.0
14799,7+,1,0,6.0,128.0,1.0,90.0,398769.0,3.0,8.0
6999,6+,0,0,3.0,32.0,,,177230.0,3.0,5.0
11999,6+,0,0,4.0,64.0,,,176687.0,3.0,8.0
23994,8+,1,0,8.0,128.0,1.0,90.0,402484.0,3.0,44.0
3589,,0,0,64.0,128.0,,,32000.0,,
139900,7+,1,0,6.0,512.0,,,,,
69999,8+,1,0,8.0,256.0,1.0,,971224.0,4.0,8.0
57999,8+,1,0,12.0,256.0,1.0,90.0,377194.0,3.0,25.0
86000,8+,0,0,8.0,256.0,1.0,,386865.0,3.0,10.0
11999,7+,0,0,4.0,64.0,1.0,,172800.0,4.0,8.0
14999,7+,0,1,6.0,128.0,2.0,120.0,388605.0,3.0,16.0
26499,8+,1,0,8.0,128.0,2.0,120.0,391540.0,3.0,16.0
8990,6+,0,0,4.0,64.0,1.0,,177230.0,1.0,5.0
95999,8+,1,0,6.0,512.0,,,485645.0,2.0,12.0
47990,8+,1,1,8.0,128.0,3.0,120.0,382300.0,3.0,16.0
17990,8+,0,0,8.0,128.0,1.0,120.0,390705.0,3.0,32.0
22999,8+,1,0,8.0,128.0,1.0,120.0,395289.0,3.0,16.0
1299,,0,0,,,,,,,
99990,,1,0,8.0,128.0,1.0,120.0,652235.0,4.0,40.0
39999,8+,1,1,8.0,128.0,3.0,120.0,388605.0,3.0,20.0
38999,8+,1,1,12.0,256.0,3.0,120.0,388605.0,3.0,16.0
12490,6+,0,0,4.0,128.0,,,176958.0,2.0,8.0
5490,,0,0,,,,,,,
39990,8+,1,0,6.0,128.0,1.0,120.0,686736.0,3.0,10.0
1339,,0,0,,,,,,,
16685,7+,0,0,8.0,128.0,1.0,,395234.0,3.0,16.0
69990,,0,1,8.0,128.0,2.0,90.0,551119.0,3.0,13.0
6999,6+,0,0,4.0,64.0,,,176687.0,2.0,5.0
71999,8+,1,0,12.0,256.0,2.0,165.0,389946.0,3.0,12.0
26999,8+,1,0,8.0,128.0,3.0,120.0,403110.0,3.0,16.0
16499,7+,1,0,4.0,128.0,1.0,90.0,398769.0,3.0,16.0
17990,7+,1,0,6.0,128.0,,,177230.0,3.0,8.0
8999,6+,0,0,4.0,64.0,,,176416.0,2.0,5.0
39900,6+,0,0,3.0,64.0,1.0,,212872.0,1.0,7.0
2799,,0,0,,,,,,,
5999,60.0,0,0,6.0,64.0,1.0,,172800.0,2.0,5.0
34999,7+,1,0,8.0,128.0,3.0,120.0,394520.0,3.0,32.0
16990,7+,1,0,8.0,128.0,1.0,,395234.0,2.0,8.0
22990,8+,1,0,8.0,128.0,1.0,120.0,393920.0,3.0,32.0
19990,8+,0,0,8.0,256.0,1.0,90.0,402484.0,3.0,32.0
10850,7+,0,0,6.0,64.0,1.0,90.0,175854.0,2.0,8.0
13499,7+,1,0,4.0,64.0,1.0,90.0,392727.0,3.0,16.0
958,,0,0,,,,,,,
6699,6+,0,0,3.0,64.0,1.0,,175854.0,2.0,5.0
17999,7+,0,0,8.0,128.0,1.0,90.0,395289.0,2.0,16.0
13990,6+,1,0,4.0,128.0,1.0,90.0,395234.0,2.0,5.0
94990,,1,0,12.0,512.0,3.0,120.0,551119.0,4.0,13.0
8968,7+,0,0,4.0,64.0,1.0,,394036.0,3.0,8.0
7320,60.0,0,0,2.0,64.0,,,174545.0,2.0,5.0
8999,6+,0,0,4.0,64.0,1.0,,177230.0,3.0,8.0
13999,7+,0,0,6.0,128.0,1.0,,172800.0,4.0,8.0
14746,7+,0,0,6.0,128.0,1.0,,390705.0,3.0,16.0
16999,8+,1,1,6.0,128.0,2.0,120.0,392727.0,3.0,16.0
25990,8+,1,0,8.0,128.0,1.0,120.0,388605.0,3.0,20.0
16499,7+,0,0,6.0,128.0,1.0,,403110.0,4.0,13.0
19999,8+,0,0,6.0,64.0,1.0,120.0,388605.0,4.0,16.0
23500,7+,1,0,6.0,128.0,1.0,144.0,388605.0,3.0,20.0
54999,8+,1,0,6.0,128.0,1.0,,390705.0,3.0,16.0
19499,7+,0,0,6.0,128.0,1.0,,388800.0,4.0,16.0
79990,,1,0,8.0,128.0,,,390705.0,,
39999,8+,0,0,6.0,128.0,1.0,,386865.0,3.0,32.0
92999,8+,1,1,12.0,256.0,,,643764.0,4.0,10.0
1799,,0,0,8.0,16.0,,,27428.0,,
32990,8+,1,1,8.0,256.0,3.0,120.0,382300.0,3.0,16.0
14499,7+,0,0,4.0,128.0,1.0,90.0,177230.0,3.0,5.0
13999,6+,1,0,4.0,128.0,1.0,,176958.0,2.0,5.0
7999,,0,0,2.0,32.0,1.0,,176958.0,1.0,5.0
5785,,0,0,2.0,32.0,1.0,,175854.0,2.0,5.0
12990,7+,1,0,4.0,128.0,1.0,90.0,393920.0,2.0,5.0
19990,8+,1,0,8.0,128.0,3.0,120.0,385141.0,3.0,32.0
23990,7+,1,0,12.0,256.0,1.0,90.0,395121.0,2.0,8.0
17999,7+,0,0,6.0,64.0,1.0,,406350.0,3.0,16.0
16999,7+,0,0,6.0,128.0,3.0,,384486.0,4.0,16.0
9999,6+,1,0,4.0,128.0,,,177230.0,1.0,5.0
8299,6+,0,0,3.0,64.0,,,168914.0,2.0,5.0
82199,8+,1,0,8.0,256.0,1.0,120.0,446163.0,3.0,12.0
1850,,0,0,,,,,,3.0,16.0
49990,8+,1,0,8.0,128.0,2.0,144.0,388605.0,3.0,16.0
11999,7+,0,0,4.0,64.0,1.0,90.0,177230.0,3.0,8.0
29990,8+,1,0,6.0,128.0,2.0,120.0,395725.0,3.0,32.0
92249,,1,0,8.0,256.0,1.0,120.0,484597.0,,
139900,8+,1,0,6.0,256.0,,120.0,532380.0,3.0,12.0
14990,7+,0,0,4.0,128.0,1.0,,176958.0,3.0,8.0
15988,7+,0,0,6.0,128.0,1.0,,403110.0,3.0,16.0
11725,7+,0,0,4.0,64.0,1.0,,394875.0,3.0,20.0
17994,7+,0,0,8.0,128.0,1.0,,403110.0,4.0,16.0
134999,8+,0,0,8.0,256.0,1.0,,622702.0,,
25595,8+,1,0,6.0,128.0,1.0,90.0,399383.0,4.0,16.0
7499,6+,0,0,6.0,128.0,,,176516.0,1.0,13.0
10890,7+,0,0,6.0,64.0,1.0,,387013.0,4.0,8.0
18990,8+,0,0,8.0,128.0,1.0,,403110.0,4.0,16.0
19990,8+,1,0,6.0,128.0,1.0,,388605.0,3.0,16.0
15990,7+,0,0,4.0,128.0,1.0,,394875.0,3.0,32.0
58999,8+,0,0,12.0,256.0,1.0,,643764.0,4.0,10.0
12500,7+,0,0,4.0,64.0,,,175067.0,3.0,16.0
29999,8+,0,0,8.0,128.0,1.0,,396112.0,4.0,32.0
31990,8+,1,0,8.0,256.0,2.0,120.0,389901.0,3.0,32.0
29999,8+,1,0,8.0,128.0,1.0,90.0,402484.0,3.0,44.0
107990,,1,0,16.0,512.0,2.0,165.0,389946.0,,
31990,8+,1,0,8.0,128.0,2.0,120.0,412738.0,2.0,32.0
48990,8+,1,1,8.0,128.0,3.0,120.0,496047.0,3.0,20.0
99990,8+,1,0,8.0,256.0,2.0,120.0,681656.0,3.0,13.0
9499,6+,0,0,4.0,64.0,,,176687.0,3.0,5.0
162990,8+,0,1,8.0,512.0,2.0,120.0,699487.0,,
24999,7+,1,0,6.0,128.0,2.0,144.0,393498.0,3.0,16.0
82990,7+,0,0,6.0,128.0,,,488851.0,2.0,13.0
15999,7+,0,0,8.0,128.0,1.0,120.0,382273.0,3.0,16.0
8999,6+,0,0,4.0,64.0,,,176687.0,2.0,8.0
17990,7+,1,0,6.0,128.0,,,177230.0,2.0,8.0
82990,,1,0,12.0,256.0,3.0,120.0,679646.0,4.0,32.0
12999,7+,0,0,6.0,128.0,1.0,90.0,398769.0,4.0,8.0
29990,8+,0,0,8.0,128.0,2.0,120.0,384657.0,4.0,32.0
6999,,0,0,1.0,16.0,,,179409.0,2.0,5.0
60999,,0,1,8.0,256.0,2.0,120.0,526909.0,4.0,13.0
27990,8+,1,1,8.0,128.0,2.0,120.0,690854.0,3.0,20.0
5249,,0,0,2.0,16.0,,,190238.0,1.0,5.0
14999,7+,1,0,6.0,128.0,1.0,120.0,398769.0,3.0,16.0
44990,8+,1,0,8.0,128.0,2.0,90.0,395725.0,4.0,32.0
22490,8+,1,0,6.0,128.0,1.0,90.0,406208.0,4.0,16.0
50990,,1,0,12.0,256.0,2.0,120.0,691200.0,4.0,32.0
11499,7+,0,0,6.0,64.0,1.0,,387013.0,3.0,8.0
5990,,0,0,1.0,16.0,,,177230.0,3.0,8.0
27000,8+,1,0,8.0,128.0,1.0,,402484.0,3.0,44.0
29999,8+,1,1,8.0,128.0,1.0,144.0,388605.0,3.0,20.0
27990,8+,0,0,8.0,256.0,1.0,,402484.0,4.0,32.0
3290,,0,0,,,,,,,
74999,8+,1,0,8.0,128.0,1.0,,743225.0,3.0,10.0
9990,7+,0,0,4.0,64.0,1.0,,387013.0,3.0,16.0
19990,8+,0,0,8.0,128.0,1.0,,394875.0,4.0,32.0
13279,7+,0,0,4.0,64.0,1.0,,394875.0,4.0,16.0
11000,6+,0,0,3.0,64.0,,,175067.0,3.0,8.0
18900,,0,0,,,,,,,
12999,7+,0,0,6.0,128.0,,,392504.0,2.0,20.0
7299,6+,0,0,3.0,32.0,1.0,,176687.0,2.0,5.0
995,,0,0,,,,,,,
7999,6+,0,0,4.0,32.0,,,177230.0,1.0,13.0
54990,8+,1,1,8.0,128.0,2.0,120.0,684695.0,3.0,20.0
49990,7+,1,0,12.0,256.0,3.0,120.0,388605.0,3.0,32.0
54990,,1,0,12.0,256.0,3.0,120.0,469380.0,3.0,50.0
49990,60.0,1,0,,64.0,,,,,
15499,7+,0,0,4.0,128.0,1.0,120.0,381176.0,2.0,8.0
169900,7+,1,0,6.0,512.0,,120.0,538334.0,3.0,12.0
53990,7+,1,0,8.0,128.0,2.0,120.0,392727.0,2.0,10.1
18990,7+,1,0,8.0,128.0,1.0,120.0,395234.0,2.0,16.0
16999,7+,1,0,4.0,64.0,1.0,90.0,402545.0,3.0,16.0
34999,8+,1,0,8.0,128.0,2.0,144.0,400763.0,3.0,32.0
82990,,1,1,12.0,512.0,2.0,120.0,633600.0,4.0,16.0
46999,8+,1,0,12.0,256.0,2.0,120.0,691200.0,3.0,32.0
8499,6+,0,0,3.0,32.0,,,176958.0,2.0,8.0
16999,7+,0,0,6.0,128.0,1.0,90.0,384931.0,4.0,16.0
11499,6+,0,0,4.0,64.0,1.0,,172800.0,2.0,5.0
88999,8+,1,0,8.0,256.0,1.0,120.0,382909.0,3.0,10.0
15990,8+,0,0,8.0,128.0,1.0,90.0,395234.0,3.0,16.0
24990,8+,1,0,8.0,128.0,2.0,120.0,388605.0,3.0,16.0
79990,,1,0,8.0,256.0,2.0,120.0,691200.0,3.0,32.0
6249,6+,0,0,2.0,32.0,,,176958.0,2.0,8.0
12499,6+,0,0,3.0,64.0,1.0,,176958.0,2.0,8.0
6499,6+,0,0,2.0,32.0,,,176416.0,1.0,5.0
179900,8+,1,0,6.0,1.0,,120.0,532380.0,3.0,12.0
11990,6+,0,0,3.0,64.0,,,176958.0,3.0,8.0
26990,8+,0,0,8.0,128.0,1.0,,402484.0,3.0,50.0
13499,7+,0,0,6.0,128.0,,90.0,180000.0,4.0,13.0
75999,,1,1,12.0,256.0,2.0,120.0,684695.0,3.0,20.0
5999,60.0,0,0,3.0,32.0,,,176687.0,1.0,5.0
8499,6+,0,0,3.0,32.0,1.0,,177230.0,3.0,5.0
11990,7+,0,0,4.0,128.0,,,176958.0,3.0,16.0
10990,7+,1,0,4.0,128.0,1.0,90.0,393032.0,4.0,13.0
109990,,1,1,12.0,256.0,2.0,90.0,575880.0,,
16999,7+,1,0,6.0,128.0,1.0,90.0,398769.0,3.0,16.0
12199,6+,0,0,4.0,64.0,,,176958.0,3.0,16.0
11490,7+,0,0,4.0,128.0,,,176687.0,3.0,8.0
5490,,0,0,1.0,16.0,,,192000.0,2.0,5.0
11499,7+,0,0,4.0,64.0,1.0,,387013.0,4.0,8.0
59450,8+,1,0,8.0,128.0,1.0,120.0,386865.0,3.0,10.0
12799,7+,0,0,4.0,64.0,1.0,,388605.0,4.0,16.0
83000,8+,0,0,8.0,128.0,1.0,120.0,687761.0,4.0,10.0
14490,7+,0,0,6.0,64.0,1.0,90.0,392727.0,4.0,16.0
82990,,1,0,8.0,256.0,1.0,90.0,481458.0,4.0,32.0
9490,6+,0,0,3.0,32.0,,,175067.0,2.0,8.0
25000,7+,0,0,8.0,128.0,,,391436.0,3.0,32.0
15000,6+,0,0,4.0,64.0,,,175948.0,2.0,20.0
20990,6+,0,0,4.0,128.0,,,390857.0,2.0,25.0
34999,7+,0,0,6.0,128.0,,,687483.0,2.0,8.0
29999,7+,1,0,8.0,128.0,3.0,144.0,385141.0,3.0,16.0
11999,6+,1,0,4.0,128.0,1.0,,176958.0,2.0,5.0
12999,7+,0,0,4.0,128.0,,,177230.0,2.0,5.0
124990,8+,1,0,12.0,256.0,,240.0,521181.0,2.0,12.6
28999,8+,1,0,8.0,128.0,3.0,120.0,398320.0,3.0,32.0
12999,7+,0,0,8.0,128.0,1.0,,391858.0,2.0,8.0
28499,8+,1,0,8.0,256.0,2.0,120.0,391540.0,3.0,16.0
104999,8+,1,0,6.0,512.0,,,532380.0,2.0,12.0
172999,7+,1,0,6.0,1.0,,120.0,494020.0,3.0,12.0
17990,7+,1,0,6.0,128.0,1.0,120.0,386424.0,2.0,16.0
13774,7+,0,0,6.0,128.0,1.0,90.0,393920.0,3.0,8.0
2239,,0,0,,,,,,,
8999,6+,0,0,4.0,64.0,,,176687.0,2.0,5.0
18990,7+,1,0,4.0,64.0,1.0,90.0,176926.0,2.0,16.0
14999,7+,0,0,6.0,128.0,1.0,90.0,381176.0,3.0,32.0
7999,6+,0,0,3.0,32.0,1.0,,177230.0,1.0,5.0
39999,8+,1,1,8.0,128.0,3.0,144.0,496047.0,3.0,20.0
11990,6+,0,0,3.0,64.0,1.0,,176926.0,2.0,8.0
12999,7+,0,0,6.0,128.0,1.0,,386865.0,3.0,16.0
54999,7+,1,0,8.0,128.0,,,398769.0,4.0,32.0
24990,7+,1,0,6.0,128.0,,,386865.0,3.0,32.0
59999,8+,1,0,12.0,256.0,2.0,120.0,382300.0,3.0,32.0
19999,7+,1,0,6.0,128.0,,120.0,388605.0,4.0,32.0
16999,7+,0,0,8.0,128.0,1.0,,386865.0,3.0,16.0
14999,60.0,0,0,4.0,64.0,,,177230.0,3.0,8.0
29990,7+,1,0,8.0,128.0,2.0,90.0,403826.0,3.0,16.0
13990,6+,1,0,4.0,128.0,1.0,90.0,395234.0,2.0,5.0
17999,8+,0,0,6.0,128.0,2.0,120.0,388605.0,4.0,16.0
11399,7+,0,0,4.0,64.0,1.0,,394036.0,3.0,8.0
599,,0,0,32.0,32.0,,,34666.0,,
19990,7+,1,0,8.0,128.0,1.0,,395234.0,2.0,8.0
15499,7+,0,0,4.0,128.0,1.0,90.0,176958.0,3.0,8.0
6999,,0,0,3.0,32.0,,,169411.0,1.0,5.0
12499,7+,0,0,4.0,128.0,1.0,,388605.0,4.0,16.0
91999,7+,1,0,4.0,512.0,,,485645.0,2.0,12.0
9690,7+,0,0,4.0,64.0,,90.0,395044.0,3.0,8.0
32990,8+,1,0,8.0,128.0,2.0,120.0,395725.0,3.0,32.0
42990,8+,1,1,8.0,128.0,2.0,120.0,412738.0,3.0,32.0
14999,,0,0,2.0,16.0,,,76800.0,,
18699,8+,0,0,8.0,128.0,1.0,90.0,395725.0,3.0,16.0
1749,,0,0,32.0,32.0,,,27428.0,,
10990,7+,1,0,4.0,128.0,1.0,,398769.0,3.0,16.0
30990,8+,1,0,8.0,128.0,1.0,120.0,388605.0,3.0,20.0
59999,8+,1,0,16.0,512.0,3.0,144.0,398769.0,2.0,20.0
23999,8+,0,0,6.0,128.0,,,386289.0,4.0,32.0
9999,6+,1,0,4.0,128.0,1.0,,177230.0,3.0,8.0
3099,,0,0,64.0,128.0,,,32000.0,,
119900,7+,1,0,6.0,256.0,,,,,
9299,6+,0,0,4.0,128.0,1.0,,176416.0,1.0,5.0
12989,7+,0,0,6.0,64.0,1.0,90.0,398769.0,4.0,16.0
4999,,0,0,1.0,16.0,,,201056.0,1.0,5.0
11999,,0,0,,,,,,,
29990,8+,1,0,8.0,128.0,2.0,,403110.0,4.0,32.0
12490,7+,0,0,6.0,128.0,,,177230.0,3.0,8.0
27999,7+,0,0,4.0,128.0,1.0,90.0,453600.0,3.0,8.0
8199,,0,0,2.0,32.0,,,175948.0,1.0,5.0
21990,8+,0,0,8.0,128.0,1.0,,394875.0,4.0,16.0
20000,7+,0,0,4.0,128.0,1.0,,387013.0,3.0,16.0
11990,7+,0,0,6.0,64.0,1.0,,387013.0,3.0,16.0
11989,7+,0,0,4.0,64.0,1.0,,387013.0,4.0,13.0
11490,6+,0,0,4.0,64.0,1.0,,175948.0,2.0,8.0
11490,6+,0,0,4.0,64.0,1.0,,176516.0,3.0,8.0
15999,6+,0,0,4.0,64.0,1.0,,388800.0,1.0,8.0
17990,6+,0,0,4.0,64.0,1.0,,428338.0,2.0,25.0
78990,8+,1,0,8.0,256.0,1.0,,653373.0,3.0,10.0
10949,6+,0,0,4.0,64.0,,,421643.0,2.0,16.0
10300,6+,0,0,4.0,64.0,,,377018.0,1.0,5.0
1899,,0,0,48.0,48.0,,,170666.0,,
45999,8+,1,0,12.0,256.0,1.0,120.0,395234.0,3.0,32.0
21990,6+,0,0,4.0,64.0,1.0,,176687.0,3.0,5.0
19990,7+,1,0,8.0,128.0,1.0,120.0,390548.0,3.0,16.0
32990,8+,1,0,8.0,256.0,2.0,120.0,388605.0,3.0,32.0
14499,7+,0,0,6.0,128.0,1.0,90.0,393920.0,3.0,8.0
41990,8+,1,0,6.0,128.0,1.0,90.0,403110.0,2.0,16.0
13990,6+,0,0,6.0,128.0,,90.0,168914.0,2.0,8.0
1599,,0,0,4.0,4.0,,,10847.0,,
4799,,0,0,,,,,,,
10490,6+,0,0,3.0,64.0,,,176958.0,2.0,8.0
29990,8+,0,0,8.0,128.0,2.0,120.0,388605.0,3.0,60.0
22990,8+,0,0,8.0,128.0,1.0,90.0,384931.0,4.0,8.0
47990,7+,1,0,8.0,128.0,,,386865.0,3.0,16.0
19999,8+,0,0,8.0,128.0,3.0,120.0,386865.0,3.0,16.0
29999,8+,1,0,8.0,128.0,2.0,120.0,405125.0,3.0,32.0
11879,7+,0,0,4.0,128.0,1.0,,394036.0,3.0,8.0
28990,8+,1,0,8.0,128.0,3.0,120.0,388800.0,3.0,16.0
39990,8+,1,0,12.0,256.0,3.0,120.0,391170.0,3.0,16.0
15999,7+,1,0,6.0,64.0,1.0,90.0,397546.0,3.0,16.0
22990,8+,1,0,8.0,256.0,1.0,,403110.0,2.0,16.0
149999,8+,1,0,8.0,128.0,,,384000.0,,
11499,7+,0,0,4.0,128.0,1.0,90.0,390705.0,3.0,16.0
22999,8+,0,0,8.0,256.0,1.0,120.0,386865.0,4.0,48.0
7999,6+,0,0,4.0,64.0,,,174545.0,2.0,8.0
31999,8+,1,0,8.0,128.0,2.0,120.0,391540.0,3.0,16.0
30990,7+,1,0,6.0,64.0,1.0,,453600.0,3.0,8.0
7999,6+,0,0,3.0,32.0,,,176687.0,3.0,5.0
10999,7+,0,0,4.0,64.0,1.0,,382273.0,4.0,8.0
14990,7+,1,0,6.0,128.0,2.0,120.0,388605.0,3.0,16.0
14499,7+,0,0,4.0,64.0,1.0,120.0,391858.0,3.0,16.0
44999,8+,1,0,8.0,128.0,2.0,120.0,395725.0,4.0,16.0
17999,8+,0,0,8.0,128.0,1.0,,405000.0,4.0,16.0
19999,8+,1,0,8.0,128.0,1.0,120.0,398769.0,3.0,16.0
3999,,0,0,1.0,8.0,,,81984.0,1.0,2.0
101999,,1,0,12.0,128.0,1.0,120.0,677647.0,4.0,40.0
38700,8+,1,0,8.0,128.0,2.0,90.0,396937.0,4.0,32.0
19999,7+,0,0,4.0,64.0,2.0,,411428.0,4.0,13.0
10999,7+,0,0,4.0,64.0,1.0,90.0,177230.0,4.0,8.0
16990,6+,0,0,4.0,64.0,1.0,90.0,176687.0,3.0,8.0
55999,7+,1,0,4.0,256.0,,,,,
67999,7+,1,0,4.0,256.0,,,,,
9999,6+,0,0,3.0,32.0,,,176687.0,3.0,5.0
14439,7+,0,0,4.0,128.0,1.0,,388605.0,4.0,16.0
2499,,0,0,,4.0,,,32000.0,,
9990,6+,0,0,3.0,32.0,,,175948.0,2.0,5.0
24999,8+,1,0,8.0,128.0,2.0,90.0,402484.0,4.0,32.0
85990,,1,0,8.0,128.0,1.0,,687761.0,4.0,10.0
480000,8+,0,0,8.0,256.0,1.0,,395492.0,3.0,20.0
16999,7+,0,0,6.0,64.0,1.0,,387013.0,4.0,20.0
8999,,0,0,2.0,16.0,,,176516.0,2.0,8.0
15990,6+,0,0,3.0,32.0,,,388800.0,1.0,16.0
3999,,0,0,,,,,,,
3890,,0,0,3.0,32.0,,,414720.0,1.0,13.0
1685,,0,0,,,,,,,
84990,7+,1,0,8.0,128.0,,120.0,531587.0,2.0,12.0
21999,7+,1,0,4.0,128.0,1.0,,395234.0,3.0,8.0
2099,,0,0,,,,,,,
8999,6+,0,0,4.0,64.0,,,177230.0,3.0,8.0
649,,0,0,16.0,16.0,,,37333.0,,
20999,7+,1,0,6.0,128.0,1.0,120.0,388989.0,3.0,16.0
32990,8+,1,0,8.0,128.0,2.0,90.0,403110.0,3.0,32.0
9022,6+,0,0,4.0,64.0,1.0,90.0,177230.0,2.0,8.0
8399,6+,0,0,3.0,32.0,1.0,,176687.0,2.0,5.0
9999,6+,0,0,3.0,64.0,,,175854.0,2.0,8.0
8390,6+,0,0,3.0,64.0,,90.0,174545.0,2.0,8.0
19999,8+,1,0,6.0,128.0,2.0,120.0,385043.0,4.0,16.0
13999,7+,0,0,4.0,64.0,1.0,,177230.0,3.0,5.0
29999,8+,1,1,8.0,128.0,2.0,120.0,395725.0,3.0,32.0
8990,60.0,0,0,3.0,32.0,1.0,,172800.0,1.0,5.0
163980,,1,0,12.0,1.0,1.0,120.0,518804.0,,
24990,7+,1,0,6.0,128.0,1.0,120.0,395725.0,2.0,16.0
59990,,1,0,8.0,128.0,3.0,144.0,378890.0,3.0,60.0
47990,8+,1,0,12.0,256.0,3.0,120.0,388800.0,3.0,16.0
40990,8+,1,0,8.0,128.0,3.0,120.0,388800.0,3.0,16.0
22999,7+,0,0,8.0,128.0,,,398769.0,3.0,32.0
12990,6+,0,0,4.0,64.0,1.0,,172800.0,2.0,5.0
14999,7+,0,0,8.0,128.0,1.0,,386865.0,3.0,16.0
42999,8+,1,1,8.0,128.0,3.0,120.0,390548.0,3.0,20.0
14999,7+,1,0,4.0,128.0,1.0,120.0,395890.0,3.0,16.0
22990,8+,0,0,8.0,128.0,1.0,120.0,402484.0,3.0,16.0
118990,,1,0,12.0,512.0,2.0,120.0,515387.0,,
29990,8+,1,0,8.0,128.0,2.0,120.0,391540.0,3.0,16.0
7399,6+,0,0,3.0,64.0,,90.0,175854.0,2.0,8.0
17999,7+,1,0,8.0,128.0,2.0,120.0,388605.0,3.0,16.0
12799,7+,0,0,6.0,128.0,1.0,,386865.0,3.0,16.0
26999,8+,1,0,8.0,128.0,3.0,120.0,388605.0,3.0,16.0
22999,8+,1,0,8.0,128.0,1.0,90.0,394036.0,3.0,8.0
147900,8+,1,0,6.0,1.0,,120.0,485645.0,3.0,12.0
44999,8+,1,0,8.0,128.0,1.0,165.0,381176.0,3.0,8.0
7790,6+,0,0,6.0,64.0,,,176687.0,2.0,5.0
39990,8+,1,0,6.0,128.0,1.0,144.0,398156.0,4.0,16.0
9999,6+,0,0,3.0,32.0,,,176958.0,2.0,8.0
22990,7+,1,0,6.0,128.0,1.0,90.0,398769.0,4.0,16.0
32999,7+,1,0,6.0,128.0,2.0,120.0,388605.0,3.0,16.0
32990,8+,1,0,6.0,128.0,2.0,120.0,384657.0,4.0,32.0
14999,7+,0,0,6.0,128.0,,,176958.0,3.0,16.0
12499,7+,0,0,4.0,64.0,1.0,120.0,394690.0,3.0,16.0
39990,8+,1,0,8.0,128.0,2.0,120.0,391540.0,3.0,16.0
6499,6+,0,0,2.0,32.0,,,176687.0,1.0,5.0
18499,7+,0,0,6.0,128.0,1.0,,180000.0,4.0,13.0
30994,8+,1,0,8.0,128.0,2.0,120.0,403110.0,3.0,16.0
32999,7+,1,0,6.0,128.0,1.0,,408832.0,2.0,8.0
10499,7+,0,0,4.0,64.0,1.0,90.0,177230.0,4.0,8.0
19999,8+,0,0,6.0,128.0,1.0,,394875.0,3.0,32.0
17499,7+,0,0,6.0,128.0,,,177230.0,4.0,13.0
10990,6+,0,0,6.0,128.0,,,176416.0,1.0,5.0
19000,8+,0,0,8.0,128.0,1.0,,402484.0,3.0,32.0
13990,6+,0,0,6.0,128.0,1.0,90.0,177230.0,3.0,16.0
10499,7+,0,0,4.0,64.0,1.0,,177230.0,3.0,8.0
5890,,0,0,3.0,32.0,,,179704.0,2.0,5.0
6490,6+,0,0,2.0,32.0,,,177230.0,2.0,5.0
54999,8+,1,1,8.0,256.0,1.0,90.0,378890.0,4.0,20.0
9990,6+,0,0,4.0,64.0,,,171027.0,2.0,13.0
24999,7+,0,0,8.0,128.0,1.0,90.0,395725.0,3.0,16.0
3399,,0,0,,,,,,,
59990,8+,0,0,12.0,256.0,,,701833.0,3.0,16.0
214990,,1,1,12.0,512.0,,,432220.0,4.0,32.0
9990,6+,0,0,2.0,32.0,1.0,,175500.0,3.0,8.0
6999,,0,0,2.0,16.0,,,184131.0,2.0,5.0
169000,,1,1,8.0,512.0,2.0,,682000.0,,
39990,7+,0,0,6.0,128.0,,,394875.0,3.0,24.0
21490,6+,0,0,4.0,64.0,,,399600.0,3.0,24.0
13490,,0,0,3.0,16.0,,,177230.0,1.0,5.0
7999,6+,0,0,4.0,64.0,,,177049.0,2.0,5.0
8990,6+,1,0,4.0,64.0,1.0,,184131.0,2.0,8.0
13999,7+,0,0,6.0,128.0,1.0,90.0,170666.0,4.0,8.0
1999,,0,0,,,,,,,
13990,7+,1,0,6.0,128.0,1.0,90.0,176926.0,2.0,8.0
14999,8+,0,0,8.0,128.0,1.0,,401142.0,3.0,32.0
6999,,0,0,3.0,32.0,,,177230.0,2.0,5.0
42990,8+,1,0,8.0,128.0,2.0,144.0,388605.0,3.0,32.0
6799,6+,0,0,4.0,64.0,,,164692.0,1.0,13.0
25899,7+,0,0,6.0,128.0,,,186757.0,3.0,8.0
54999,8+,1,1,12.0,256.0,2.0,120.0,716640.0,3.0,32.0
49990,8+,1,0,8.0,128.0,2.0,144.0,392727.0,3.0,32.0
32990,8+,1,1,8.0,256.0,2.0,120.0,386865.0,3.0,32.0
8720,6+,0,0,4.0,64.0,1.0,,177230.0,1.0,5.0
69990,8+,1,0,8.0,256.0,3.0,120.0,385141.0,3.0,32.0
4787,,0,0,2.0,32.0,,,81984.0,,
70990,7+,1,0,12.0,256.0,2.0,120.0,667578.0,3.0,12.0
119990,,1,0,12.0,256.0,2.0,120.0,515387.0,,
34990,8+,1,0,8.0,128.0,2.0,120.0,398320.0,3.0,16.0
14990,7+,1,0,6.0,128.0,1.0,,177230.0,3.0,8.0
28990,8+,1,1,8.0,256.0,2.0,144.0,402545.0,3.0,16.0
19990,7+,1,0,6.0,128.0,,,381176.0,3.0,32.0
24990,7+,1,0,8.0,128.0,,,398769.0,3.0,32.0
